{
  "generated_at_epoch_secs": 1771850349,
  "warmup_commits": 4,
  "measured_commits": 16,
  "files_per_commit": 32,
  "results": [
    {
      "profile": "p0_loopback",
      "rtt_ms": 0,
      "baseline": {
        "sample_count": 16,
        "p50_ms": 135.90562500000001,
        "p95_ms": 140.21383400000002,
        "mean_ms": 136.07305181249998,
        "min_ms": 128.874791,
        "max_ms": 143.695625,
        "samples_ms": [
          128.874791,
          137.367041,
          132.034333,
          135.809291,
          132.187416,
          135.029958,
          136.07174999999998,
          137.80624999999998,
          135.033083,
          135.031958,
          135.90562500000001,
          134.046417,
          137.947291,
          140.114166,
          143.695625,
          140.21383400000002
        ]
      },
      "optimized": {
        "sample_count": 16,
        "p50_ms": 137.979459,
        "p95_ms": 140.23766700000002,
        "mean_ms": 137.134190375,
        "min_ms": 132.006084,
        "max_ms": 141.0555,
        "samples_ms": [
          133.91108400000002,
          132.006084,
          136.919459,
          138.188292,
          137.979459,
          137.49545899999998,
          133.346209,
          135.14066599999998,
          135.831542,
          137.04350000000002,
          137.99925,
          139.081375,
          138.87849999999997,
          139.033,
          141.0555,
          140.23766700000002
        ]
      },
      "p50_improvement_percent": -1.5259368403625504,
      "p95_improvement_percent": -0.01699760952260689
    },
    {
      "profile": "p1_rtt20ms",
      "rtt_ms": 20,
      "baseline": {
        "sample_count": 16,
        "p50_ms": 1683.4094579999999,
        "p95_ms": 1685.451333,
        "mean_ms": 1675.6378279375,
        "min_ms": 1659.106666,
        "max_ms": 1686.36075,
        "samples_ms": [
          1675.901958,
          1659.106666,
          1684.031084,
          1666.39625,
          1665.115166,
          1685.451333,
          1663.063916,
          1667.7181249999999,
          1683.4094579999999,
          1661.175458,
          1684.830083,
          1685.303709,
          1683.498208,
          1686.36075,
          1675.127542,
          1683.715541
        ]
      },
      "optimized": {
        "sample_count": 16,
        "p50_ms": 1614.9715,
        "p95_ms": 1629.297875,
        "mean_ms": 1616.1081484374997,
        "min_ms": 1595.7697500000002,
        "max_ms": 1631.106792,
        "samples_ms": [
          1604.1299580000002,
          1625.1961669999998,
          1595.7697500000002,
          1629.297875,
          1631.106792,
          1611.375458,
          1610.008917,
          1598.680584,
          1628.253,
          1613.359917,
          1623.1829169999999,
          1614.9715,
          1605.0553330000002,
          1624.996833,
          1627.834666,
          1614.510708
        ]
      },
      "p50_improvement_percent": 4.065437417781204,
      "p95_improvement_percent": 3.3316570404943278
    },
    {
      "profile": "p2_rtt50ms",
      "rtt_ms": 50,
      "baseline": {
        "sample_count": 16,
        "p50_ms": 3558.218958,
        "p95_ms": 3578.942125,
        "mean_ms": 3561.379111875,
        "min_ms": 3536.9377919999997,
        "max_ms": 3580.171166,
        "samples_ms": [
          3560.172541,
          3556.187208,
          3558.165834,
          3568.9995,
          3558.218958,
          3574.831417,
          3551.406,
          3578.942125,
          3580.171166,
          3556.659541,
          3553.07125,
          3536.9377919999997,
          3570.099459,
          3557.4785,
          3578.690791,
          3542.033708
        ]
      },
      "optimized": {
        "sample_count": 16,
        "p50_ms": 3402.306416,
        "p95_ms": 3411.428833,
        "mean_ms": 3399.8111145625003,
        "min_ms": 3380.6235,
        "max_ms": 3417.2705419999998,
        "samples_ms": [
          3388.492166,
          3399.35975,
          3382.6437920000003,
          3380.6235,
          3394.993375,
          3417.2705419999998,
          3411.428833,
          3403.748375,
          3406.908959,
          3402.569666,
          3399.274125,
          3390.824625,
          3406.382125,
          3402.306416,
          3398.9275000000002,
          3411.224084
        ]
      },
      "p50_improvement_percent": 4.381757948016644,
      "p95_improvement_percent": 4.6805253102549145
    }
  ]
}